{
    "openapi": "3.0.2",
    "info": {
      "title": "API",
      "description": "Fake Online REST API for Testing and Prototyping",
      "version": "0.0.1"
    },
    "paths": {
      "/sign-in": {
        "post": {
          "description": "List all posts",
          "responses": {
            "200": {
              "description": "Successfully fetched all posts from from login",
              "content": {
                "application/json": {
                  "schema": {
                    "type": "array",
                    "items": {
                      "type": "object",
                      "properties": {
                        "userId": {
                          "type": "number"
                        },
                        "id": {
                          "type": "number"
                        },
                        "email": {
                          "type": "string"
                        },
                        "body": {
                          "type": "string"
                        }
                      },
                      "example": {
                        "userId": 1,
                        "id": 1,
                        "title": "sunt aut facere repellat provident occaecati excepturi optio reprehenderit",
                        "body": "quia et suscipit\nsuscipit recusandae consequuntur expedita et cum\nreprehenderit molestiae ut ut quas totam\nnostrum rerum est autem sunt rem eveniet architecto"
                      }
                    }
                  }
                }
                
              }
            }
          }
        }
      }
    }
  }